sensor,n,n_missing,missing_rate,n_zero,zero_rate,n_unique,mean,median,std,min,p01,p05,p95,p99,max,longest_nan_run,longest_zero_run,n_nan_runs,n_zero_runs,n_zero_runs_ge_1h,n_zero_runs_ge_6h,n_zero_runs_ge_1day,status
A047,13248,13248,1.0,0,0.0,0,,,,,,,,,,13248,0,1,0,0,0,0,all_nan
A109,13248,13248,1.0,0,0.0,0,,,,,,,,,,13248,0,1,0,0,0,0,all_nan
A120,13248,13248,1.0,0,0.0,0,,,,,,,,,,13248,0,1,0,0,0,0,all_nan
A122,13248,13248,1.0,0,0.0,0,,,,,,,,,,13248,0,1,0,0,0,0,all_nan
A133,13248,13248,1.0,0,0.0,0,,,,,,,,,,13248,0,1,0,0,0,0,all_nan
A025,13248,0,0.0,13248,1.0,1,0.0,0.0,0.0,0.0,0.0,0.0,0.0,0.0,0.0,0,13248,0,1,1,1,1,all_zero
A029,13248,0,0.0,13248,1.0,1,0.0,0.0,0.0,0.0,0.0,0.0,0.0,0.0,0.0,0,13248,0,1,1,1,1,all_zero
A031,13248,0,0.0,13248,1.0,1,0.0,0.0,0.0,0.0,0.0,0.0,0.0,0.0,0.0,0,13248,0,1,1,1,1,all_zero
A044,13248,0,0.0,13248,1.0,1,0.0,0.0,0.0,0.0,0.0,0.0,0.0,0.0,0.0,0,13248,0,1,1,1,1,all_zero
A074,13248,0,0.0,13248,1.0,1,0.0,0.0,0.0,0.0,0.0,0.0,0.0,0.0,0.0,0,13248,0,1,1,1,1,all_zero
A119,13248,0,0.0,13248,1.0,1,0.0,0.0,0.0,0.0,0.0,0.0,0.0,0.0,0.0,0,13248,0,1,1,1,1,all_zero
A124,13248,0,0.0,13248,1.0,1,0.0,0.0,0.0,0.0,0.0,0.0,0.0,0.0,0.0,0,13248,0,1,1,1,1,all_zero
A135,13248,0,0.0,13248,1.0,1,0.0,0.0,0.0,0.0,0.0,0.0,0.0,0.0,0.0,0,13248,0,1,1,1,1,all_zero
A155,13248,0,0.0,13248,1.0,1,0.0,0.0,0.0,0.0,0.0,0.0,0.0,0.0,0.0,0,13248,0,1,1,1,1,all_zero
A185,13248,0,0.0,13248,1.0,1,0.0,0.0,0.0,0.0,0.0,0.0,0.0,0.0,0.0,0,13248,0,1,1,1,1,all_zero
A175,13248,4404,0.33242753623188404,4834,0.3648852657004831,29,2.949004975124378,0.0,4.503406945865567,0.0,0.0,0.0,12.850000000000364,17.0,29.0,4404,72,1,684,173,55,0,high_missing
A150,13248,0,0.0,9682,0.7308272946859904,24,0.7931763285024155,0.0,2.00628030213145,0.0,0.0,0.0,4.0,10.0,24.0,0,2916,0,1203,205,64,1,long_zero_run_ge_1day
A112,13248,0,0.0,7322,0.5526871980676329,95,4.871905193236715,0.0,9.901102353707621,0.0,0.0,0.0,22.0,45.0,199.0,0,2192,0,612,101,44,3,long_zero_run_ge_1day
A139,13248,0,0.0,5123,0.3866998792270531,41,3.8908514492753623,2.0,4.772219082894029,0.0,0.0,0.0,13.0,20.0,51.0,0,480,0,701,132,57,2,long_zero_run_ge_1day
A007,13248,0,0.0,3622,0.2733997584541063,473,156.83182367149757,114.0,152.0009225752864,0.0,0.0,0.0,402.0,437.0,491.0,0,3621,0,2,1,1,1,long_zero_run_ge_1day
A057,13248,0,0.0,2942,0.22207125603864733,793,252.571029589372,215.0,230.72230985581766,0.0,0.0,0.0,647.0,725.0,879.0,0,2942,0,1,1,1,1,long_zero_run_ge_1day
A079,13248,0,0.0,2816,0.21256038647342995,12,2.5184178743961354,2.0,1.76803662343936,0.0,0.0,0.0,6.0,6.0,12.0,0,510,0,1047,65,2,2,long_zero_run_ge_1day
A125,13248,0,0.0,2319,0.17504528985507245,37,3.93131038647343,4.0,3.741410155921743,0.0,0.0,0.0,11.0,19.0,42.0,0,151,0,1128,66,2,1,long_zero_run_ge_1day
A128,13248,0,0.0,2035,0.15360809178743962,418,126.98150664251207,100.0,116.5913855268434,0.0,0.0,0.0,328.0,367.53000000000065,815.0,0,2012,0,24,1,1,1,long_zero_run_ge_1day
A085,13248,0,0.0,1672,0.12620772946859904,512,146.3899456521739,118.0,133.44991914389044,0.0,0.0,0.0,396.0,453.0,561.0,0,1294,0,52,3,3,2,long_zero_run_ge_1day
A164,13248,0,0.0,1634,0.12333937198067634,69,10.062650966183575,9.0,8.283968933562113,0.0,0.0,0.0,24.0,34.0,118.0,0,277,0,823,59,1,1,long_zero_run_ge_1day
A078,13248,0,0.0,1538,0.11609299516908213,58,13.256038647342995,11.0,10.577302701809279,0.0,0.0,0.0,32.0,40.0,58.0,0,224,0,610,54,2,1,long_zero_run_ge_1day
A100,13248,0,0.0,1441,0.10877113526570048,153,39.23150664251208,34.0,32.82906927743095,0.0,0.0,0.0,95.0,117.0,169.0,0,508,0,303,6,3,3,long_zero_run_ge_1day
A070,13248,0,0.0,1028,0.07759661835748792,440,183.5763134057971,184.0,131.74869903943772,0.0,0.0,0.0,368.0,396.53000000000065,514.0,0,1026,0,3,1,1,1,long_zero_run_ge_1day
A173,13248,0,0.0,1006,0.07593599033816426,194,56.25898248792271,49.0,47.337403871787764,0.0,0.0,0.0,133.0,156.0,216.0,0,217,0,489,12,1,1,long_zero_run_ge_1day
A083,13248,0,0.0,960,0.07246376811594203,285,98.56091485507247,93.0,76.04640093303341,0.0,0.0,0.0,223.0,251.0,304.0,0,590,0,7,2,2,2,long_zero_run_ge_1day
A019,13248,0,0.0,707,0.05336654589371981,122,31.55804649758454,29.0,25.507085506871064,0.0,0.0,0.0,75.0,91.0,134.0,0,272,0,336,2,1,1,long_zero_run_ge_1day
A110,13248,0,0.0,634,0.04785628019323671,97,30.208861714975846,25.0,23.445712781816034,0.0,0.0,1.0,70.0,80.0,98.0,0,349,0,141,2,2,1,long_zero_run_ge_1day
A111,13248,0,0.0,631,0.0476298309178744,212,80.71625905797102,78.0,57.83495650156641,0.0,0.0,2.0,170.64999999999964,187.0,217.0,0,578,0,14,4,1,1,long_zero_run_ge_1day
A165,13248,0,0.0,605,0.04566727053140097,451,165.9512379227053,167.0,111.59627561442474,0.0,0.0,9.0,335.0,374.0,1652.0,0,604,0,2,1,1,1,long_zero_run_ge_1day
A009,13248,0,0.0,489,0.03691123188405797,143,46.794384057971016,43.0,34.48073748931925,0.0,0.0,2.0,103.0,118.0,146.0,0,415,0,68,1,1,1,long_zero_run_ge_1day
A159,13248,0,0.0,466,0.035175120772946857,329,83.70546497584542,60.0,73.65469346299517,0.0,0.0,2.0,215.0,265.0,350.0,0,266,0,156,3,1,1,long_zero_run_ge_1day
A043,13248,0,0.0,283,0.021361714975845412,466,177.2957427536232,172.0,124.00569357470653,0.0,0.0,10.0,375.0,418.0,494.0,0,276,0,8,1,1,1,long_zero_run_ge_1day
A182,13248,0,0.0,282,0.021286231884057972,394,135.22305253623188,136.0,92.48684774656411,0.0,0.0,7.0,275.0,339.0,457.0,0,266,0,9,2,1,1,long_zero_run_ge_1day
A001,13248,0,0.0,277,0.020908816425120772,695,288.45629528985506,294.0,189.11033873249352,0.0,0.0,24.0,583.0,654.0,738.0,0,266,0,4,2,1,1,long_zero_run_ge_1day
A003,13248,0,0.0,277,0.020908816425120772,827,344.75188707729467,339.0,236.0072009853703,0.0,0.0,22.0,701.0,768.0,899.0,0,266,0,4,2,1,1,long_zero_run_ge_1day
A117,13248,0,0.0,276,0.020833333333333332,364,128.8786231884058,125.0,91.98207000411021,0.0,0.0,11.0,289.0,328.0,371.0,0,266,0,3,2,1,1,long_zero_run_ge_1day
A181,13248,0,0.0,276,0.020833333333333332,436,177.33099335748793,182.0,119.09831258989125,0.0,0.0,10.0,358.64999999999964,392.0,1373.0,0,266,0,5,1,1,1,long_zero_run_ge_1day
A118,13248,0,0.0,275,0.020757850241545892,357,123.284797705314,122.0,89.01442289779291,0.0,0.0,9.0,276.0,313.53000000000065,423.0,0,266,0,4,1,1,1,long_zero_run_ge_1day
A161,13248,0,0.0,270,0.020380434782608696,593,215.9830917874396,225.5,132.27535046617598,0.0,0.0,21.0,412.0,500.0,891.0,0,149,0,5,3,2,1,long_zero_run_ge_1day
A160,13248,0,0.0,246,0.018568840579710144,254,82.15315519323671,77.0,60.08287239244324,0.0,0.0,4.0,186.0,215.0,273.0,0,149,0,57,4,1,1,long_zero_run_ge_1day
A163,13248,0,0.0,167,0.012605676328502416,380,147.74116847826087,149.0,99.48597240374666,0.0,0.0,11.0,305.0,339.0,397.0,0,149,0,10,2,1,1,long_zero_run_ge_1day
A171,13248,0,0.0,11443,0.8637530193236715,13,0.2959692028985507,0.0,0.9625157314091777,0.0,0.0,0.0,2.0,5.0,14.0,0,112,0,1243,338,92,0,mostly_zero_80
A166,13248,0,0.0,11203,0.845637077294686,27,0.4239885265700483,0.0,1.5406094574172713,0.0,0.0,0.0,2.0,7.0,41.0,0,117,0,1176,308,95,0,mostly_zero_80
A156,13248,0,0.0,13026,0.9832427536231884,7,0.02709842995169082,0.0,0.24003844330630889,0.0,0.0,0.0,0.0,1.0,6.0,0,10459,0,178,86,24,1,mostly_zero_90
A154,13248,0,0.0,12717,0.9599184782608695,8,0.05329106280193237,0.0,0.3005212388446806,0.0,0.0,0.0,0.0,1.0,7.0,0,258,0,454,309,104,8,mostly_zero_90
A157,13248,0,0.0,10513,0.7935537439613527,27,0.5628019323671497,0.0,1.7311952442823462,0.0,0.0,0.0,3.0,9.0,27.0,0,109,0,1407,257,92,0,usable
A129,13248,0,0.0,10491,0.7918931159420289,33,0.8672252415458938,0.0,2.6395876102740297,0.0,0.0,0.0,5.0,14.0,37.0,0,143,0,1034,258,94,0,usable
A093,13248,0,0.0,10277,0.7757397342995169,16,0.4913194444444444,0.0,1.200984779236213,0.0,0.0,0.0,3.0,5.0,17.0,0,114,0,1364,288,93,0,usable
A152,13248,0,0.0,10171,0.7677385265700483,37,0.9996980676328503,0.0,3.0060204655323135,0.0,0.0,0.0,6.0,16.0,42.0,0,107,0,1181,245,93,0,usable
A130,13248,0,0.0,9719,0.7336201690821256,62,1.5498188405797102,0.0,4.800646640324756,0.0,0.0,0.0,8.0,23.0,93.0,0,113,0,1278,222,95,0,usable
A121,13248,0,0.0,9684,0.7309782608695652,19,0.5259661835748792,0.0,1.1982180105930882,0.0,0.0,0.0,3.0,5.0,30.0,0,75,0,1687,277,91,0,usable
A115,13248,0,0.0,8538,0.6444746376811594,29,1.1616847826086956,0.0,2.4067679539731444,0.0,0.0,0.0,6.0,12.0,43.0,0,67,0,1698,248,80,0,usable
A138,13248,0,0.0,7549,0.5698218599033816,23,1.657457729468599,0.0,2.705794022759438,0.0,0.0,0.0,7.0,12.0,39.0,0,92,0,1157,182,88,0,usable
A114,13248,0,0.0,7526,0.5680857487922706,83,2.7099184782608696,0.0,6.821242097609879,0.0,0.0,0.0,12.0,34.0,119.0,0,69,0,1523,227,72,0,usable
A145,13248,0,0.0,7304,0.5513285024154589,14,1.1367753623188406,0.0,1.7133652179724088,0.0,0.0,0.0,5.0,7.0,18.0,0,73,0,1360,197,79,0,usable
A140,13248,0,0.0,7092,0.5353260869565217,39,2.3090277777777777,0.0,4.04622307969697,0.0,0.0,0.0,10.0,19.0,40.0,0,73,0,1141,187,83,0,usable
A105,13248,0,0.0,6579,0.49660326086956524,14,1.1793478260869565,1.0,1.5571901178969818,0.0,0.0,0.0,4.0,6.0,17.0,0,73,0,1317,189,72,0,usable
A058,13248,0,0.0,6458,0.48746980676328505,20,1.310084541062802,1.0,1.8499248199070335,0.0,0.0,0.0,5.0,8.0,21.0,0,56,0,1485,173,66,0,usable
A158,13248,0,0.0,5446,0.41108091787439616,51,4.538194444444445,2.0,6.078874844805668,0.0,0.0,0.0,16.0,25.0,62.0,0,130,0,904,161,49,0,usable
A153,13248,0,0.0,3891,0.29370471014492755,59,8.440896739130435,5.0,9.525861316965255,0.0,0.0,0.0,27.0,37.0,70.0,0,130,0,948,121,10,0,usable
A113,13248,0,0.0,1095,0.08265398550724638,46,7.9210446859903385,7.0,5.7451172499534495,0.0,0.0,0.0,18.0,23.0,54.0,0,9,0,623,61,0,0,usable
A134,13248,0,0.0,863,0.06514190821256038,90,21.837107487922705,20.0,16.54823483760664,0.0,0.0,0.0,50.0,61.0,109.0,0,7,0,510,8,0,0,usable
A090,13248,0,0.0,707,0.05336654589371981,192,32.796724033816425,28.0,29.752515307429466,0.0,0.0,0.0,82.0,114.53000000000065,356.0,0,11,0,440,8,0,0,usable
A176,13248,0,0.0,539,0.04068538647342995,505,118.2361865942029,83.0,111.37549321360838,0.0,0.0,2.0,329.0,418.0,664.0,0,6,0,394,2,0,0,usable
A127,13248,0,0.0,241,0.018191425120772948,103,34.00769927536232,33.0,24.01426505218034,0.0,0.0,2.0,70.0,78.0,138.0,0,4,0,211,0,0,0,usable
A026,13248,0,0.0,234,0.017663043478260868,301,131.72184480676327,138.0,84.84777464875195,0.0,0.0,7.0,248.0,269.53000000000065,314.0,0,141,0,12,2,2,0,usable
A149,13248,0,0.0,190,0.014341787439613526,291,94.96663647342996,87.5,70.04063635883553,0.0,0.0,5.0,211.64999999999964,245.0,327.0,0,3,0,168,0,0,0,usable
A178,13248,0,0.0,189,0.014266304347826086,223,82.609375,98.0,48.10961471450413,0.0,0.0,6.0,147.0,173.0,351.0,0,30,0,66,6,0,0,usable
A059,13248,0,0.0,154,0.0116243961352657,248,102.38564311594203,102.0,65.78722054284765,0.0,0.0,8.0,199.0,216.53000000000065,298.0,0,130,0,23,1,1,0,usable
A028,13248,0,0.0,145,0.010945048309178744,320,122.1400211352657,116.0,85.13036786029674,0.0,0.0,9.0,250.0,273.0,505.0,0,123,0,4,3,1,0,usable
A101,13248,0,0.0,140,0.010567632850241546,366,130.7355072463768,134.0,88.65151468469811,0.0,0.0,10.0,273.0,315.0,411.0,0,130,0,10,1,1,0,usable
A030,13248,0,0.0,132,0.009963768115942028,353,134.76939915458937,126.0,96.52300481908598,0.0,1.0,9.0,280.0,314.0,367.0,0,130,0,3,1,1,0,usable
A162,13248,0,0.0,132,0.009963768115942028,1041,242.89356884057972,208.0,211.80468853119726,0.0,1.0,18.0,731.0,1015.0,1391.0,0,117,0,7,2,1,0,usable
A108,13248,0,0.0,119,0.008982487922705314,103,34.0294384057971,36.0,22.322181807246057,0.0,1.0,2.0,66.0,76.0,110.0,0,3,0,111,0,0,0,usable
A055,13248,0,0.0,107,0.008076690821256038,159,53.20705012077295,51.0,38.7053868635786,0.0,1.0,3.0,113.0,128.0,179.0,0,3,0,100,0,0,0,usable
A056,13248,0,0.0,107,0.008076690821256038,356,121.49894323671498,121.0,88.13304277652331,0.0,2.0,6.0,254.0,300.0,396.0,0,3,0,99,0,0,0,usable
A053,13248,0,0.0,101,0.007623792270531401,194,64.66508152173913,66.0,44.97914681410716,0.0,1.0,3.0,131.0,150.0,303.0,0,2,0,92,0,0,0,usable
A077,13248,0,0.0,73,0.005510265700483092,117,33.30880132850242,32.0,23.28304589171495,0.0,1.0,2.0,71.0,87.0,146.0,0,2,0,71,0,0,0,usable
A052,13248,0,0.0,69,0.005208333333333333,378,124.20750301932367,123.0,89.44534748956617,0.0,2.0,7.0,264.0,311.0,506.0,0,2,0,65,0,0,0,usable
A065,13248,0,0.0,64,0.004830917874396135,367,129.6183574879227,120.0,97.2372495064903,0.0,2.0,6.0,275.0,311.0,480.0,0,3,0,55,0,0,0,usable
A107,13248,0,0.0,63,0.004755434782608696,402,126.27717391304348,112.0,98.25455353191278,0.0,2.0,6.0,294.0,343.0,443.0,0,11,0,50,1,0,0,usable
A116,13248,0,0.0,58,0.004378019323671498,282,106.21641002415458,107.0,73.95471355303707,0.0,1.0,5.0,211.0,239.0,313.0,0,2,0,56,0,0,0,usable
A102,13248,0,0.0,56,0.004227053140096618,218,69.53336352657004,61.0,54.53748876213685,0.0,1.0,3.0,162.64999999999964,185.0,298.0,0,9,0,43,1,0,0,usable
A086,13248,0,0.0,54,0.004076086956521739,2604,857.2757397342995,507.0,772.1722550858236,0.0,37.47,150.0,2646.0,2937.5300000000007,3064.0,0,54,0,1,1,1,0,usable
A066,13248,0,0.0,51,0.0038496376811594205,1577,384.5939009661836,282.0,377.6191118612477,0.0,4.0,15.0,1161.0,1704.5300000000007,2887.0,0,2,0,49,0,0,0,usable
A054,13248,0,0.0,50,0.0037741545893719805,259,85.79136473429952,87.0,59.23919608794536,0.0,2.0,5.0,173.0,205.0,483.0,0,2,0,48,0,0,0,usable
A172,13248,0,0.0,47,0.003547705314009662,268,94.78638285024155,101.0,62.13385265753489,0.0,2.0,7.0,186.0,219.53000000000065,910.0,0,2,0,46,0,0,0,usable
A073,13248,0,0.0,44,0.003321256038647343,248,85.39870169082126,81.0,62.40034679845019,0.0,1.0,5.0,181.0,205.0,357.0,0,3,0,40,0,0,0,usable
A061,13248,0,0.0,44,0.003321256038647343,481,176.89296497584542,173.0,120.91563064948075,0.0,4.0,12.0,369.0,411.0,1166.0,0,2,0,41,0,0,0,usable
A183,13248,0,0.0,42,0.003170289855072464,283,112.46127717391305,113.0,79.43410106754918,0.0,2.0,6.0,229.0,253.0,293.0,0,2,0,40,0,0,0,usable
A184,13248,0,0.0,39,0.002943840579710145,476,162.2024456521739,164.0,112.26954101970887,0.0,4.0,11.0,325.0,383.0600000000013,718.0,0,5,0,34,0,0,0,usable
A050,13248,0,0.0,34,0.002566425120772947,1391,291.1224335748792,206.0,460.8092149572016,0.0,4.0,13.0,905.0,2692.5300000000007,4644.0,0,2,0,29,0,0,0,usable
A179,13248,0,0.0,32,0.0024154589371980675,389,142.55517814009661,137.0,104.27046060529831,0.0,2.0,6.0,310.0,348.53000000000065,423.0,0,2,0,31,0,0,0,usable
A087,13248,0,0.0,30,0.0022644927536231885,450,161.66923309178745,146.0,117.77173736809736,0.0,3.0,10.0,357.64999999999964,407.53000000000065,634.0,0,9,0,19,1,0,0,usable
A082,13248,0,0.0,30,0.0022644927536231885,227,68.8161231884058,72.0,46.480060455378116,0.0,1.0,4.0,137.0,168.0,300.0,0,1,0,30,0,0,0,usable
A174,13248,0,0.0,29,0.002189009661835749,276,93.47063707729468,91.0,63.85796272567913,0.0,4.0,8.0,197.0,229.0,1254.0,0,3,0,26,0,0,0,usable
A068,13248,0,0.0,25,0.0018870772946859903,149,57.772644927536234,66.0,35.68285778971319,0.0,2.0,5.0,104.0,119.0,890.0,0,1,0,25,0,0,0,usable
A032,13248,0,0.0,23,0.001736111111111111,724,316.5738979468599,321.0,211.26124390636215,0.0,13.0,24.0,624.0,674.0,769.0,0,22,0,2,1,0,0,usable
A071,13248,0,0.0,22,0.0016606280193236715,471,195.83212560386474,206.0,130.5922843459057,0.0,4.0,11.0,383.0,420.0,542.0,0,2,0,21,0,0,0,usable
A037,13248,0,0.0,21,0.001585144927536232,546,266.08506944444446,301.0,154.98720244807168,0.0,13.0,27.0,460.0,498.0,602.0,0,5,0,10,0,0,0,usable
A072,13248,0,0.0,20,0.0015096618357487923,230,89.7121829710145,95.0,56.925897695727585,0.0,3.0,7.0,171.0,190.0,280.0,0,1,0,20,0,0,0,usable
A151,13248,0,0.0,19,0.0014341787439613527,162,60.37341485507246,65.0,35.23023489771658,0.0,3.0,6.0,109.0,122.0,202.0,0,6,0,12,1,0,0,usable
A064,13248,0,0.0,18,0.001358695652173913,388,135.18138586956522,144.0,94.2449451960519,0.0,3.0,9.0,258.0,297.0,2871.0,0,1,0,18,0,0,0,usable
A042,13248,0,0.0,17,0.0012832125603864735,468,167.04883756038646,157.0,117.95657872844707,0.0,4.0,11.0,360.0,410.0,507.0,0,1,0,17,0,0,0,usable
A094,13248,0,0.0,16,0.0012077294685990338,912,413.4963013285024,418.0,251.2952348772228,0.0,33.0,51.0,783.6499999999996,869.0,972.0,0,11,0,3,1,0,0,usable
A076,13248,0,0.0,16,0.0012077294685990338,387,149.7493206521739,139.0,101.06671136426031,0.0,5.0,13.0,305.0,340.0,490.0,0,2,0,14,0,0,0,usable
A144,13248,0,0.0,15,0.0011322463768115942,494,194.91077898550725,200.0,126.74720736143743,0.0,9.0,18.0,381.0,429.0,602.0,0,15,0,1,1,0,0,usable
A099,13248,0,0.0,15,0.0011322463768115942,223,81.31083937198068,82.0,52.61213869181469,0.0,2.0,6.0,162.0,187.0,271.0,0,6,0,10,1,0,0,usable
A005,13248,0,0.0,15,0.0011322463768115942,268,98.66085446859903,92.0,70.02194612200321,0.0,2.0,6.0,212.0,238.0,473.0,0,3,0,13,0,0,0,usable
A014,13248,0,0.0,14,0.0010567632850241545,415,156.0930706521739,162.0,101.3738093493774,0.0,5.0,11.0,306.0,345.0,593.0,0,7,0,8,1,0,0,usable
A023,13248,0,0.0,13,0.000981280193236715,478,251.94368961352657,289.0,125.09610648059913,0.0,25.0,42.0,405.0,434.0,687.0,0,9,0,2,1,0,0,usable
A016,13248,0,0.0,13,0.000981280193236715,235,85.6929347826087,87.0,55.90836309256035,0.0,3.0,7.0,167.0,188.0,579.0,0,6,0,8,1,0,0,usable
A036,13248,0,0.0,12,0.0009057971014492754,760,348.19255736714973,384.0,204.8447905676484,0.0,20.0,35.0,629.6499999999996,699.0,917.0,0,10,0,2,1,0,0,usable
A048,13248,0,0.0,12,0.0009057971014492754,248,86.64379528985508,92.0,56.33994302614878,0.0,3.0,7.0,171.0,204.0,256.0,0,6,0,7,1,0,0,usable
A098,13248,0,0.0,12,0.0009057971014492754,1200,400.28275966183577,377.0,299.3870022151354,0.0,11.0,24.0,824.0,1374.590000000002,2036.0,0,6,0,7,1,0,0,usable
A084,13248,0,0.0,10,0.0007548309178743961,478,157.32842693236714,157.5,100.934782420574,0.0,6.0,14.0,304.0,380.0,1034.0,0,5,0,5,0,0,0,usable
A104,13248,0,0.0,10,0.0007548309178743961,641,248.69550120772948,243.0,168.3990338240671,0.0,8.0,17.0,518.0,575.0,733.0,0,5,0,6,0,0,0,usable
A020,13248,0,0.0,10,0.0007548309178743961,1587,669.3500905797101,702.0,433.9243560998041,0.0,30.0,53.0,1330.0,1519.5300000000007,2360.0,0,4,0,4,0,0,0,usable
A067,13248,0,0.0,10,0.0007548309178743961,599,211.18131038647343,222.5,140.36279989874163,0.0,7.0,15.0,441.0,533.5300000000007,679.0,0,3,0,8,0,0,0,usable
A011,13248,0,0.0,9,0.0006793478260869565,526,238.05638586956522,264.0,129.06629719730984,0.0,16.0,31.0,416.0,471.53000000000065,579.0,0,9,0,1,1,0,0,usable
A012,13248,0,0.0,9,0.0006793478260869565,765,311.8556008454106,299.0,208.8248355431903,0.0,15.0,28.0,627.0,697.5300000000007,844.0,0,9,0,1,1,0,0,usable
A096,13248,0,0.0,9,0.0006793478260869565,358,141.39794685990339,122.0,102.29270374241601,0.0,6.0,11.0,301.0,327.0,388.0,0,9,0,1,1,0,0,usable
A131,13248,0,0.0,9,0.0006793478260869565,371,158.54838466183574,172.0,103.46269934943624,0.0,7.0,12.0,313.0,342.0,420.0,0,8,0,2,1,0,0,usable
A033,13248,0,0.0,9,0.0006793478260869565,735,325.26781400966183,339.0,204.31278627870157,0.0,14.0,28.0,616.0,666.0,814.0,0,3,0,4,0,0,0,usable
A063,13248,0,0.0,9,0.0006793478260869565,332,114.17572463768116,108.0,84.22351113175239,0.0,3.0,6.0,243.0,275.0,352.0,0,1,0,9,0,0,0,usable
A089,13248,0,0.0,8,0.0006038647342995169,224,95.42746074879227,106.0,54.15417983509775,0.0,5.0,11.0,169.0,191.0,242.0,0,2,0,7,0,0,0,usable
A103,13248,0,0.0,8,0.0006038647342995169,281,102.55193236714976,110.0,62.514994816647366,0.0,4.0,8.0,192.64999999999964,234.0,300.0,0,2,0,7,0,0,0,usable
A022,13248,0,0.0,7,0.0005283816425120773,579,238.10567632850243,244.5,153.27360083426058,0.0,10.0,20.0,453.0,505.0,1146.0,0,6,0,2,1,0,0,usable
A039,13248,0,0.0,7,0.0005283816425120773,104,44.24230072463768,48.0,23.430950734108364,0.0,2.0,6.0,76.0,85.0,108.0,0,1,0,7,0,0,0,usable
A169,13248,0,0.0,7,0.0005283816425120773,228,90.64658816425121,88.0,61.243683812773185,0.0,4.0,8.0,184.0,201.0,235.0,0,1,0,7,0,0,0,usable
A177,13248,0,0.0,7,0.0005283816425120773,473,147.9543327294686,134.0,149.35059832739864,0.0,4.0,9.0,322.0,384.0,2586.0,0,1,0,7,0,0,0,usable
A045,13248,0,0.0,6,0.0004528985507246377,827,343.5899758454106,365.0,217.2308238389667,0.0,17.47,33.0,640.0,729.0,2767.0,0,6,0,1,1,0,0,usable
A017,13248,0,0.0,6,0.0004528985507246377,574,237.27792874396135,242.5,155.08176144837134,0.0,7.0,16.0,461.0,506.0,920.0,0,1,0,6,0,0,0,usable
A021,13248,0,0.0,6,0.0004528985507246377,484,178.69482185990339,172.0,127.78036540645056,0.0,4.0,11.0,391.0,433.0,748.0,0,1,0,6,0,0,0,usable
A136,13248,0,0.0,5,0.00037741545893719806,176,68.73452596618357,64.0,46.13960269773117,0.0,3.0,6.0,138.0,151.53000000000065,212.0,0,1,0,5,0,0,0,usable
A038,13248,0,0.0,4,0.00030193236714975844,863,304.85839371980677,294.0,209.64867036132026,0.0,9.0,21.350000000000023,674.0,789.5300000000007,1066.0,0,1,0,4,0,0,0,usable
A040,13248,0,0.0,4,0.00030193236714975844,476,179.5594806763285,183.0,116.53043109017999,0.0,6.0,15.0,367.0,411.0,908.0,0,1,0,4,0,0,0,usable
A051,13248,0,0.0,4,0.00030193236714975844,1353,270.6667421497585,198.0,367.5809481303996,0.0,5.0,12.0,1089.6499999999996,2073.5300000000007,2565.0,0,1,0,4,0,0,0,usable
A046,13248,0,0.0,3,0.00022644927536231884,638,258.04778079710144,265.0,166.48611243157072,0.0,12.0,22.0,500.0,561.5300000000007,2094.0,0,3,0,1,0,0,0,usable
A142,13248,0,0.0,3,0.00022644927536231884,538,241.75211352657004,277.0,120.94725395044584,0.0,23.0,37.0,399.0,461.0,1601.0,0,3,0,1,0,0,0,usable
A027,13248,0,0.0,3,0.00022644927536231884,616,261.7994414251208,296.0,159.15832066263158,0.0,9.0,21.0,475.0,533.5300000000007,837.0,0,1,0,3,0,0,0,usable
A062,13248,0,0.0,3,0.00022644927536231884,221,88.89009661835749,91.0,54.00587660881806,0.0,4.0,8.0,172.0,192.0,225.0,0,1,0,3,0,0,0,usable
A126,13248,0,0.0,3,0.00022644927536231884,430,165.8857940821256,155.0,111.17304768592396,0.0,8.0,16.0,343.0,380.53000000000065,794.0,0,1,0,3,0,0,0,usable
A013,13248,0,0.0,2,0.00015096618357487922,498,204.1628925120773,202.0,143.96368963322618,0.0,6.0,12.0,412.0,444.0,1206.0,0,2,0,1,0,0,0,usable
A010,13248,0,0.0,2,0.00015096618357487922,498,206.63194444444446,200.0,139.36891520036687,0.0,9.469999999999999,16.0,419.0,457.0,568.0,0,1,0,2,0,0,0,usable
A081,13248,0,0.0,2,0.00015096618357487922,1498,467.9916213768116,439.0,369.7139405421508,0.0,16.47,33.0,1036.0,1726.770000000006,4411.0,0,1,0,2,0,0,0,usable
A002,13248,0,0.0,1,7.548309178743961e-05,670,299.481884057971,310.0,190.88782879090752,0.0,16.47,27.0,582.6499999999996,628.5300000000007,723.0,0,1,0,1,0,0,0,usable
A006,13248,0,0.0,1,7.548309178743961e-05,2082,1143.245697463768,1122.0,446.15588446568466,0.0,62.47,304.35,1888.0,2107.0,2393.0,0,1,0,1,0,0,0,usable
A008,13248,0,0.0,1,7.548309178743961e-05,1196,494.88066123188406,526.0,310.0592511291922,0.0,33.0,54.0,876.0,1460.770000000006,2617.0,0,1,0,1,0,0,0,usable
A041,13248,0,0.0,1,7.548309178743961e-05,499,206.20206823671498,209.0,136.1928880673347,0.0,8.0,16.0,409.64999999999964,446.0,585.0,0,1,0,1,0,0,0,usable
A049,13248,0,0.0,1,7.548309178743961e-05,1799,661.0473278985507,612.0,436.5367658655996,0.0,17.0,41.0,1434.6499999999996,1795.5300000000007,2715.0,0,1,0,1,0,0,0,usable
A075,13248,0,0.0,1,7.548309178743961e-05,869,310.6403985507246,319.0,188.72173356495705,0.0,22.0,39.35000000000002,581.0,795.590000000002,2252.0,0,1,0,1,0,0,0,usable
A146,13248,0,0.0,1,7.548309178743961e-05,878,318.9221014492754,290.0,229.49391145372564,0.0,17.0,32.0,749.0,819.0,1085.0,0,1,0,1,0,0,0,usable
A168,13248,0,0.0,1,7.548309178743961e-05,844,293.72863828502415,275.0,213.75089182837797,0.0,9.0,21.0,661.0,760.0,2732.0,0,1,0,1,0,0,0,usable
A004,13248,0,0.0,0,0.0,1398,564.3506944444445,624.0,332.45802091995023,7.0,37.0,63.0,1057.0,1370.0600000000013,3070.0,0,0,0,0,0,0,0,usable
A015,13248,0,0.0,0,0.0,1411,508.5336654589372,554.0,333.84373747261924,7.0,22.0,41.0,1057.6499999999996,1418.0600000000013,2395.0,0,0,0,0,0,0,0,usable
A018,13248,0,0.0,0,0.0,694,285.73769625603865,292.0,178.48253517236017,7.0,20.0,33.0,573.0,641.0,841.0,0,0,0,0,0,0,0,usable
A024,13248,0,0.0,0,0.0,723,287.1952747584541,300.0,175.45624160216872,2.0,17.0,31.0,531.0,642.0,1076.0,0,0,0,0,0,0,0,usable
A034,13248,0,0.0,0,0.0,653,271.64522946859904,282.0,164.13551280692462,4.0,17.0,31.0,496.0,562.0,1079.0,0,0,0,0,0,0,0,usable
A035,13248,0,0.0,0,0.0,451,193.61254528985506,206.0,120.4045739679259,1.0,10.0,18.0,361.0,401.0,671.0,0,0,0,0,0,0,0,usable
A069,13248,0,0.0,0,0.0,776,363.1460597826087,389.0,215.7649619081405,3.0,19.0,36.0,652.0,712.0,999.0,0,0,0,0,0,0,0,usable
A080,13248,0,0.0,0,0.0,282,110.55751811594203,124.0,59.03605162525382,1.0,8.0,15.0,205.0,244.53000000000065,1052.0,0,0,0,0,0,0,0,usable
A088,13248,0,0.0,0,0.0,1307,515.3126509661836,510.0,365.94105408043595,8.0,23.0,35.0,1086.0,1226.5300000000007,1678.0,0,0,0,0,0,0,0,usable
A095,13248,0,0.0,0,0.0,679,294.3076690821256,271.0,201.9419415133773,1.0,14.0,25.0,590.0,634.0,752.0,0,0,0,0,0,0,0,usable
A097,13248,0,0.0,0,0.0,773,328.7062198067633,308.0,217.9699988649474,5.0,20.0,34.0,646.0,706.0,933.0,0,0,0,0,0,0,0,usable
A137,13248,0,0.0,0,0.0,2063,978.2179196859903,933.5,632.0882749807568,27.0,72.47,106.0,1881.0,2046.0,2354.0,0,0,0,0,0,0,0,usable
A141,13248,0,0.0,0,0.0,417,215.0455917874396,251.0,111.7350169279673,4.0,17.0,29.0,357.0,383.0,454.0,0,0,0,0,0,0,0,usable
A147,13248,0,0.0,0,0.0,778,338.1483997584541,294.0,238.7627826067632,4.0,21.47,33.0,685.0,731.0,832.0,0,0,0,0,0,0,0,usable
A170,13248,0,0.0,0,0.0,729,313.89228562801935,288.0,221.6766046400341,2.0,15.0,25.0,644.0,689.5300000000007,758.0,0,0,0,0,0,0,0,usable
